<?xml version="1.0" encoding="UTF-8"?><?xml-stylesheet type='text/xsl' href='_UpgradeReport_Files/UpgradeReport.xslt'?><UpgradeLog>
<Properties><Property Name="Solution" Value="Log4NetDemos">
</Property><Property Name="Solution File" Value="D:\Nachiket\Study Materials\Developer Tools For .NET\Log4NetDemos\Log4NetDemos.sln">
</Property><Property Name="Date" Value="Sunday, November 02, 2014">
</Property><Property Name="Time" Value="16:51 PM">
</Property></Properties><Event ErrorLevel="0" Project="" Source="Log4NetDemos.sln" Description="File successfully backed up as D:\Nachiket\Study Materials\Developer Tools For .NET\Log4NetDemos\Backup\Log4NetDemos.sln">
</Event><Event ErrorLevel="0" Project="IGATEPATNI.Log4NetApp.Demo01" Source="IGATEPATNI.Log4NetApp.Demo01\IGATEPATNI.Log4NetApp.Demo01.csproj" Description="Project file successfully backed up as D:\Nachiket\Study Materials\Developer Tools For .NET\Log4NetDemos\Backup\IGATEPATNI.Log4NetApp.Demo01\IGATEPATNI.Log4NetApp.Demo01.csproj">
</Event><Event ErrorLevel="0" Project="IGATEPATNI.Log4NetApp.Demo01" Source="IGATEPATNI.Log4NetApp.Demo01\IGATEPATNI.Log4NetApp.Demo01.csproj.user" Description="Project user file successfully backed up as D:\Nachiket\Study Materials\Developer Tools For .NET\Log4NetDemos\Backup\IGATEPATNI.Log4NetApp.Demo01\IGATEPATNI.Log4NetApp.Demo01.csproj.user">
</Event><Event ErrorLevel="0" Project="IGATEPATNI.Log4NetApp.Demo01" Source="IGATEPATNI.Log4NetApp.Demo01\Properties\AssemblyInfo.cs" Description="File successfully backed up as D:\Nachiket\Study Materials\Developer Tools For .NET\Log4NetDemos\Backup\IGATEPATNI.Log4NetApp.Demo01\Properties\AssemblyInfo.cs">
</Event><Event ErrorLevel="0" Project="IGATEPATNI.Log4NetApp.Demo01" Source="IGATEPATNI.Log4NetApp.Demo01\Sample.cs" Description="File successfully backed up as D:\Nachiket\Study Materials\Developer Tools For .NET\Log4NetDemos\Backup\IGATEPATNI.Log4NetApp.Demo01\Sample.cs">
</Event><Event ErrorLevel="0" Project="IGATEPATNI.Log4NetApp.Demo01" Source="IGATEPATNI.Log4NetApp.Demo01\App.config" Description="File successfully backed up as D:\Nachiket\Study Materials\Developer Tools For .NET\Log4NetDemos\Backup\IGATEPATNI.Log4NetApp.Demo01\App.config">
</Event><Event ErrorLevel="0" Project="IGATEPATNI.Log4NetApp.Demo01" Source="IGATEPATNI.Log4NetApp.Demo01\IGATEPATNI.Log4NetApp.Demo01.csproj" Description="Project converted successfully">
</Event><Event ErrorLevel="3" Project="IGATEPATNI.Log4NetApp.Demo01" Source="IGATEPATNI.Log4NetApp.Demo01\IGATEPATNI.Log4NetApp.Demo01.csproj" Description="Converted">
</Event><Event ErrorLevel="0" Project="IGATEPATNI.Log4NetWeb.Demo02" Source="IGATEPATNI.Log4NetWeb.Demo02\IGATEPATNI.Log4NetWeb.Demo02.csproj" Description="Project file successfully backed up as D:\Nachiket\Study Materials\Developer Tools For .NET\Log4NetDemos\Backup\IGATEPATNI.Log4NetWeb.Demo02\IGATEPATNI.Log4NetWeb.Demo02.csproj">
</Event><Event ErrorLevel="0" Project="IGATEPATNI.Log4NetWeb.Demo02" Source="IGATEPATNI.Log4NetWeb.Demo02\IGATEPATNI.Log4NetWeb.Demo02.csproj.user" Description="Project user file successfully backed up as D:\Nachiket\Study Materials\Developer Tools For .NET\Log4NetDemos\Backup\IGATEPATNI.Log4NetWeb.Demo02\IGATEPATNI.Log4NetWeb.Demo02.csproj.user">
</Event><Event ErrorLevel="0" Project="IGATEPATNI.Log4NetWeb.Demo02" Source="IGATEPATNI.Log4NetWeb.Demo02\Default.aspx.cs" Description="File successfully backed up as D:\Nachiket\Study Materials\Developer Tools For .NET\Log4NetDemos\Backup\IGATEPATNI.Log4NetWeb.Demo02\Default.aspx.cs">
</Event><Event ErrorLevel="0" Project="IGATEPATNI.Log4NetWeb.Demo02" Source="IGATEPATNI.Log4NetWeb.Demo02\Default.aspx.designer.cs" Description="File successfully backed up as D:\Nachiket\Study Materials\Developer Tools For .NET\Log4NetDemos\Backup\IGATEPATNI.Log4NetWeb.Demo02\Default.aspx.designer.cs">
</Event><Event ErrorLevel="0" Project="IGATEPATNI.Log4NetWeb.Demo02" Source="IGATEPATNI.Log4NetWeb.Demo02\Global.asax.cs" Description="File successfully backed up as D:\Nachiket\Study Materials\Developer Tools For .NET\Log4NetDemos\Backup\IGATEPATNI.Log4NetWeb.Demo02\Global.asax.cs">
</Event><Event ErrorLevel="0" Project="IGATEPATNI.Log4NetWeb.Demo02" Source="IGATEPATNI.Log4NetWeb.Demo02\Properties\AssemblyInfo.cs" Description="File successfully backed up as D:\Nachiket\Study Materials\Developer Tools For .NET\Log4NetDemos\Backup\IGATEPATNI.Log4NetWeb.Demo02\Properties\AssemblyInfo.cs">
</Event><Event ErrorLevel="0" Project="IGATEPATNI.Log4NetWeb.Demo02" Source="IGATEPATNI.Log4NetWeb.Demo02\Default.aspx" Description="File successfully backed up as D:\Nachiket\Study Materials\Developer Tools For .NET\Log4NetDemos\Backup\IGATEPATNI.Log4NetWeb.Demo02\Default.aspx">
</Event><Event ErrorLevel="0" Project="IGATEPATNI.Log4NetWeb.Demo02" Source="IGATEPATNI.Log4NetWeb.Demo02\Global.asax" Description="File successfully backed up as D:\Nachiket\Study Materials\Developer Tools For .NET\Log4NetDemos\Backup\IGATEPATNI.Log4NetWeb.Demo02\Global.asax">
</Event><Event ErrorLevel="0" Project="IGATEPATNI.Log4NetWeb.Demo02" Source="IGATEPATNI.Log4NetWeb.Demo02\Web.config" Description="File successfully backed up as D:\Nachiket\Study Materials\Developer Tools For .NET\Log4NetDemos\Backup\IGATEPATNI.Log4NetWeb.Demo02\Web.config">
</Event><Event ErrorLevel="0" Project="IGATEPATNI.Log4NetWeb.Demo02" Source="IGATEPATNI.Log4NetWeb.Demo02\IGATEPATNI.Log4NetWeb.Demo02.csproj" Description="Project converted successfully">
</Event><Event ErrorLevel="3" Project="IGATEPATNI.Log4NetWeb.Demo02" Source="IGATEPATNI.Log4NetWeb.Demo02\IGATEPATNI.Log4NetWeb.Demo02.csproj" Description="Converted">
</Event><Event ErrorLevel="0" Project="" Source="Log4NetDemos.sln" Description="Solution converted successfully">
</Event><Event ErrorLevel="3" Project="" Source="Log4NetDemos.sln" Description="Converted">
</Event><Event ErrorLevel="0" Project="IGATEPATNI.Log4NetApp.Demo01" Source="IGATEPATNI.Log4NetApp.Demo01\IGATEPATNI.Log4NetApp.Demo01.csproj" Description="Scan complete: Upgrade not required for project files.">
</Event><Event ErrorLevel="0" Project="IGATEPATNI.Log4NetWeb.Demo02" Source="IGATEPATNI.Log4NetWeb.Demo02\IGATEPATNI.Log4NetWeb.Demo02.csproj" Description="Scan complete: Upgrade not required for project files.">
</Event></UpgradeLog>